nation,manager,player,position,club,age
Czech Republic,,Matěj Kovář,1 GK,PSV Eindhoven,
Czech Republic,,Jindřich Staněk,1 GK,Slavia Prague,
Czech Republic,,Lukáš Horníček,1 GK,Braga,
Czech Republic,,Vladimír Coufal,2 DF,TSG Hoffenheim,
Czech Republic,,Tomáš Holeš,2 DF,Slavia Prague,
Czech Republic,,Ladislav Krejčí ( captain ),2 DF,Wolverhampton Wanderers,
Czech Republic,,David Zima,2 DF,Slavia Prague,
Czech Republic,,Jaroslav Zelený,2 DF,Sparta Prague,
Czech Republic,,David Jurásek,2 DF,Slavia Prague,
Czech Republic,,David Douděra,2 DF,Slavia Prague,
Czech Republic,,Robin Hranáč,2 DF,TSG Hoffenheim,
Czech Republic,,Štěpán Chaloupek,2 DF,Slavia Prague,
Czech Republic,,Tomáš Souček,3 MF,West Ham United,
Czech Republic,,Vladimír Darida,3 MF,Hradec Králové,
Czech Republic,,Lukáš Provod,3 MF,Slavia Prague,
Czech Republic,,Michal Sadílek,3 MF,Slavia Prague,
Czech Republic,,Pavel Šulc,3 MF,Lyon,
Czech Republic,,Lukáš Červ,3 MF,Viktoria Plzeň,
Czech Republic,,Tomáš Ladra,3 MF,Viktoria Plzeň,
Czech Republic,,Pavel Bucha,3 MF,FC Cincinnati,
Czech Republic,,Hugo Sochůrek,3 MF,Sparta Prague,
Czech Republic,,Alexandr Sojka,3 MF,Viktoria Plzeň,
Czech Republic,,Denis Višinský,3 MF,Viktoria Plzeň,
Czech Republic,,Patrik Schick,4 FW,Bayer Leverkusen,
Czech Republic,,Adam Hložek,4 FW,TSG Hoffenheim,
Czech Republic,,Jan Kuchta,4 FW,Sparta Prague,
Czech Republic,,Tomáš Chorý,4 FW,Slavia Prague,
Czech Republic,,Mojmír Chytil,4 FW,Slavia Prague,
Czech Republic,,Christophe Kabongo,4 FW,Mladá Boleslav,
Mexico,,Guillermo Ochoa,1 GK,AEL Limassol,
Mexico,,Raúl Rangel,1 GK,Guadalajara,
Mexico,,Carlos Acevedo,1 GK,Santos Laguna,
Mexico,,José Antonio Rodríguez,1 GK,Tijuana,
Mexico,,Carlos Moreno,1 GK,Pachuca,
Mexico,,Alex Padilla,1 GK,Athletic Bilbao,
Mexico,,Jesús Gallardo,2 DF,Toluca,
Mexico,,César Montes,2 DF,Lokomotiv Moscow,
Mexico,,Jorge Sánchez,2 DF,PAOK,
Mexico,,Johan Vásquez,2 DF,Genoa,
Mexico,,Israel Reyes,2 DF,América,
Mexico,,Jesús Alberto Angulo,2 DF,UANL,
Mexico,,Julián Araujo,2 DF,Celtic,
Mexico,,Mateo Chávez,2 DF,AZ,
Mexico,,Víctor Guzmán,2 DF,Monterrey,
Mexico,,Richard Ledezma,2 DF,Guadalajara,
Mexico,,Everardo López,2 DF,Toluca,
Mexico,,Alejandro Gómez,2 DF,Tijuana,
Mexico,,Bryan González,2 DF,Guadalajara,
Mexico,,Ramón Juárez,2 DF,América,
Mexico,,Edson Álvarez ( captain ),3 MF,Fenerbahçe,
Mexico,,Orbelín Pineda,3 MF,AEK Athens,
Mexico,,Carlos Rodríguez,3 MF,Cruz Azul,
Mexico,,Roberto Alvarado,3 MF,Guadalajara,
Mexico,,Luis Romo,3 MF,Guadalajara,
Mexico,,Luis Chávez,3 MF,Dynamo Moscow,
Mexico,,Érick Sánchez,3 MF,América,
Mexico,,Diego Lainez,3 MF,UANL,
Mexico,,Érik Lira,3 MF,Cruz Azul,
Mexico,,Marcel Ruiz,3 MF,Toluca,
Mexico,,Efraín Álvarez,3 MF,Guadalajara,
Mexico,,Brian Gutiérrez,3 MF,Guadalajara,
Mexico,,Gilberto Mora,3 MF,Tijuana,
Mexico,,Alexis Gutiérrez,3 MF,América,
Mexico,,Obed Vargas,3 MF,Atlético Madrid,
Mexico,,Jesús Ricardo Angulo,3 MF,Toluca,
Mexico,,Kevin Castañeda,3 MF,Tijuana,
Mexico,,Jordán Carrillo,3 MF,UNAM,
Mexico,,Álvaro Fidalgo,3 MF,Real Betis,
Mexico,,Jorge Ruvalcaba,3 MF,New York Red Bulls,
Mexico,,Alexéi Domínguez,3 MF,Pachuca,
Mexico,,Jeremy Márquez,3 MF,Cruz Azul,
Mexico,,Elías Montiel,3 MF,Pachuca,
Mexico,,Raúl Jiménez,4 FW,Fulham,
Mexico,,Alexis Vega,4 FW,Toluca,
Mexico,,Santiago Giménez,4 FW,Milan,
Mexico,,César Huerta,4 FW,Anderlecht,
Mexico,,Julián Quiñones,4 FW,Al-Qadsiah,
Mexico,,Guillermo Martínez,4 FW,UNAM,
Mexico,,Germán Berterame,4 FW,Inter Miami CF,
Mexico,,Armando González,4 FW,Guadalajara,
South Africa,,Ronwen Williams ( captain ),1 GK,Mamelodi Sundowns,
South Africa,,Ricardo Goss,1 GK,Siwelele,
South Africa,,Sipho Chaine,1 GK,Orlando Pirates,
South Africa,,Aubrey Modiba,2 DF,Mamelodi Sundowns,
South Africa,,Khuliso Mudau,2 DF,Mamelodi Sundowns,
South Africa,,Nkosinathi Sibisi,2 DF,Orlando Pirates,
South Africa,,Mbekezeli Mbokazi,2 DF,Chicago Fire,
South Africa,,Ime Okon,2 DF,Hannover 96,
South Africa,,Samukele Kabini,2 DF,Molde,
South Africa,,Khulumani Ndamane,2 DF,Mamelodi Sundowns,
South Africa,,Thabang Matuludi,2 DF,Polokwane City,
South Africa,,Kamogelo Sebelebele,2 DF,Orlando Pirates,
South Africa,,Bradley Cross,2 DF,Kaizer Chiefs,
South Africa,,Olwethu Makhanya,2 DF,Philadelphia Union,
South Africa,,Teboho Mokoena,3 MF,Mamelodi Sundowns,
South Africa,,Sphephelo Sithole,3 MF,Tondela,
South Africa,,Thalente Mbatha,3 MF,Orlando Pirates,
South Africa,,Jayden Adams,3 MF,Mamelodi Sundowns,
South Africa,,Themba Zwane,4 FW,Mamelodi Sundowns,
South Africa,,Lyle Foster,4 FW,Burnley,
South Africa,,Evidence Makgopa,4 FW,Orlando Pirates,
South Africa,,Oswin Appollis,4 FW,Orlando Pirates,
South Africa,,Iqraam Rayners,4 FW,Mamelodi Sundowns,
South Africa,,Relebohile Mofokeng,4 FW,Orlando Pirates,
South Africa,,Thapelo Maseko,4 FW,AEL Limassol,
South Africa,,Tshepang Moremi,4 FW,Orlando Pirates,
South Korea,,Kim Seung-gyu,1 GK,FC Tokyo,
South Korea,,Jo Hyeon-woo,1 GK,Ulsan HD,
South Korea,,Song Bum-keun,1 GK,Jeonbuk Hyundai Motors,
South Korea,,Kim Min-jae,2 DF,Bayern Munich,
South Korea,,Kim Moon-hwan,2 DF,Daejeon Hana Citizen,
South Korea,,Seol Young-woo,2 DF,Red Star Belgrade,
South Korea,,Cho Yu-min,2 DF,Sharjah,
South Korea,,Lee Tae-seok,2 DF,Austria Wien,
South Korea,,Park Jin-seob,2 DF,Zhejiang FC,
South Korea,,Kim Tae-hyeon,2 DF,Kashima Antlers,
South Korea,,Lee Han-beom,2 DF,Midtjylland,
South Korea,,Jens Castrop,2 DF,Borussia Mönchengladbach,
South Korea,,Lee Ki-hyuk,2 DF,Gangwon FC,
South Korea,,Lee Jae-sung,3 MF,Mainz 05,
South Korea,,Hwang Hee-chan,3 MF,Wolverhampton Wanderers,
South Korea,,Hwang In-beom,3 MF,Feyenoord,
South Korea,,Lee Kang-in,3 MF,Paris Saint-Germain,
South Korea,,Paik Seung-ho,3 MF,Birmingham City,
South Korea,,Kim Jin-gyu,3 MF,Jeonbuk Hyundai Motors,
South Korea,,Lee Dong-gyeong,3 MF,Ulsan HD,
South Korea,,Bae Jun-ho,3 MF,Stoke City,
South Korea,,Eom Ji-sung,3 MF,Swansea City,
South Korea,,Yang Hyun-jun,3 MF,Celtic,
South Korea,,Son Heung-min ( captain ),4 FW,Los Angeles FC,
South Korea,,Cho Gue-sung,4 FW,Midtjylland,
South Korea,,Oh Hyeon-gyu,4 FW,Beşiktaş,
Bosnia and Herzegovina,,Nikola Vasilj,1 GK,FC St. Pauli,
Bosnia and Herzegovina,,Martin Zlomislić,1 GK,Rijeka,
Bosnia and Herzegovina,,Osman Hadžikić,1 GK,Slaven Belupo,
Bosnia and Herzegovina,,Sead Kolašinac,2 DF,Atalanta,
Bosnia and Herzegovina,,Dennis Hadžikadunić,2 DF,Sampdoria,
Bosnia and Herzegovina,,Amar Dedić,2 DF,Benfica,
Bosnia and Herzegovina,,Nikola Katić,2 DF,Schalke 04,
Bosnia and Herzegovina,,Tarik Muharemović,2 DF,Sassuolo,
Bosnia and Herzegovina,,Nihad Mujakić,2 DF,Gaziantep,
Bosnia and Herzegovina,,Stjepan Radeljić,2 DF,Rijeka,
Bosnia and Herzegovina,,Nidal Čelik,2 DF,Lens,
Bosnia and Herzegovina,,Amir Hadžiahmetović,3 MF,Hull City,
Bosnia and Herzegovina,,Benjamin Tahirović,3 MF,Brøndby,
Bosnia and Herzegovina,,Armin Gigović,3 MF,Young Boys,
Bosnia and Herzegovina,,Dženis Burnić,3 MF,Karlsruher SC,
Bosnia and Herzegovina,,Ivan Bašić,3 MF,Astana,
Bosnia and Herzegovina,,Esmir Bajraktarević,3 MF,PSV Eindhoven,
Bosnia and Herzegovina,,Amar Memić,3 MF,Viktoria Plzeň,
Bosnia and Herzegovina,,Ivan Šunjić,3 MF,Pafos,
Bosnia and Herzegovina,,Kerim Alajbegović,3 MF,Red Bull Salzburg,
Bosnia and Herzegovina,,Ermin Mahmić,3 MF,Slovan Liberec,
Bosnia and Herzegovina,,Edin Džeko ( captain ),4 FW,Schalke 04,
Bosnia and Herzegovina,,Ermedin Demirović,4 FW,VfB Stuttgart,
Bosnia and Herzegovina,,Samed Baždar,4 FW,Jagiellonia Białystok,
Bosnia and Herzegovina,,Haris Tabaković,4 FW,Borussia Mönchengladbach,
Bosnia and Herzegovina,,Jovo Lukić,4 FW,Universitatea Cluj,
Canada,,Maxime Crépeau,1 GK,Orlando City SC,
Canada,,Dayne St. Clair,1 GK,Inter Miami CF,
Canada,,Owen Goodman,1 GK,Barnsley,
Canada,,Richie Laryea,2 DF,Toronto FC,
Canada,,Alphonso Davies ( captain ),2 DF,Bayern Munich,
Canada,,Alistair Johnston,2 DF,Celtic,
Canada,,Derek Cornelius,2 DF,Rangers,
Canada,,Moïse Bombito,2 DF,Nice,
Canada,,Niko Sigur,2 DF,Hajduk Split,
Canada,,Joel Waterman,2 DF,Chicago Fire,
Canada,,Luc de Fougerolles,2 DF,Dender,
Canada,,Zorhan Bassong,2 DF,Sporting Kansas City,
Canada,,Jamie Knight-Lebel,2 DF,Swindon Town,
Canada,,Ralph Priso,2 DF,Vancouver Whitecaps FC,
Canada,,Alfie Jones,2 DF,Middlesbrough,
Canada,,Jonathan Osorio,3 MF,Toronto FC,
Canada,,Tajon Buchanan,3 MF,Villarreal,
Canada,,Stephen Eustáquio,3 MF,Los Angeles FC,
Canada,,Liam Millar,3 MF,Hull City,
Canada,,Ismaël Koné,3 MF,Sassuolo,
Canada,,Jacob Shaffelburg,3 MF,Los Angeles FC,
Canada,,Ali Ahmed,3 MF,Norwich City,
Canada,,Mathieu Choinière,3 MF,Los Angeles FC,
Canada,,Nathan Saliba,3 MF,Anderlecht,
Canada,,Jayden Nelson,3 MF,Austin FC,
Canada,,Marcelo Flores,3 MF,UANL,
Canada,,Cyle Larin,4 FW,Southampton,
Canada,,Jonathan David,4 FW,Juventus,
Canada,,Tani Oluwaseyi,4 FW,Villarreal,
Canada,,Promise David,4 FW,Union Saint-Gilloise,
Canada,,Jacen Russell-Rowe,4 FW,Toulouse,
Canada,,Daniel Jebbison,4 FW,Preston North End,
Qatar,,Meshaal Barsham,1 GK,Al-Sadd,
Qatar,,Salah Zakaria,1 GK,Al-Duhail,
Qatar,,Mahmud Abunada,1 GK,Al-Rayyan,
Qatar,,Shehab Ellethy,1 GK,Al-Shahaniya,
Qatar,,Boualem Khoukhi,2 DF,Al-Sadd,
Qatar,,Pedro Miguel,2 DF,Al-Sadd,
Qatar,,Homam Ahmed,2 DF,Cultural Leonesa,
Qatar,,Lucas Mendes,2 DF,Al-Wakrah,
Qatar,,Sultan Al-Brake,2 DF,Al-Duhail,
Qatar,,Al-Hashmi Al-Hussain,2 DF,Al-Arabi,
Qatar,,Ayoub Al-Oui,2 DF,Al-Gharafa,
Qatar,,Issa Laye,2 DF,Al-Arabi,
Qatar,,Rayyan Al-Ali,2 DF,Al-Gharafa,
Qatar,,Abdulaziz Hatem,3 MF,Al-Rayyan,
Qatar,,Karim Boudiaf,3 MF,Al-Duhail,
Qatar,,Assim Madibo,3 MF,Al-Wakrah,
Qatar,,Ahmed Fathy,3 MF,Al-Arabi,
Qatar,,Jassem Gaber,3 MF,Al-Rayyan,
Qatar,,Mohamed Al-Mannai,3 MF,Al-Shamal,
Qatar,,Tahsin Jamshid,3 MF,Al-Duhail,
Qatar,,Hassan Al-Haydos ( captain ),4 FW,Al-Sadd,
Qatar,,Akram Afif,4 FW,Al-Sadd,
Qatar,,Almoez Ali,4 FW,Al-Duhail,
Qatar,,Mohammed Muntari,4 FW,Al-Gharafa,
Qatar,,Ahmed Alaaeldin,4 FW,Al-Rayyan,
Qatar,,Yusuf Abdurisag,4 FW,Al-Wakrah,
Qatar,,Edmilson Junior,4 FW,Al-Duhail,
Qatar,,Ahmed Al-Ganehi,4 FW,Al-Gharafa,
Switzerland,,Gregor Kobel,1 GK,Borussia Dortmund,
Switzerland,,Miro Muheim,2 DF,Hamburger SV,
Switzerland,,Silvan Widmer,2 DF,Mainz 05,
Switzerland,,Nico Elvedi,2 DF,Borussia Mönchengladbach,
Switzerland,,Manuel Akanji,2 DF,Inter Milan,
Switzerland,,Denis Zakaria,3 MF,Monaco,
Switzerland,,Breel Embolo,4 FW,Rennes,
Switzerland,,Remo Freuler,3 MF,Bologna,
Switzerland,,Johan Manzambi,3 MF,SC Freiburg,
Switzerland,,Granit Xhaka ( captain ),3 MF,Sunderland,
Switzerland,,Dan Ndoye,4 FW,Nottingham Forest,
Switzerland,,Yvon Mvogo,1 GK,Lorient,
Switzerland,,Ricardo Rodriguez,2 DF,Real Betis,
Switzerland,,Ardon Jashari,3 MF,Milan,
Switzerland,,Djibril Sow,3 MF,Sevilla,
Switzerland,,Christian Fassnacht,3 MF,Young Boys,
Switzerland,,Rubén Vargas,4 FW,Sevilla,
Switzerland,,Eray Cömert,2 DF,Valencia,
Switzerland,,Noah Okafor,4 FW,Leeds United,
Switzerland,,Michel Aebischer,3 MF,Pisa,
Switzerland,,Marvin Keller,1 GK,Young Boys,
Switzerland,,Fabian Rieder,3 MF,FC Augsburg,
Switzerland,,Zeki Amdouni,4 FW,Burnley,
Switzerland,,Aurèle Amenda,2 DF,Eintracht Frankfurt,
Switzerland,,Luca Jaquez,2 DF,VfB Stuttgart,
Switzerland,,Cedric Itten,4 FW,Fortuna Düsseldorf,
Brazil,,Alisson,1 GK,Liverpool,
Brazil,,Ederson,1 GK,Fenerbahçe,
Brazil,,Weverton,1 GK,Grêmio,
Brazil,,Marquinhos,2 DF,Paris Saint-Germain,
Brazil,,Danilo Luiz,2 DF,Flamengo,
Brazil,,Alex Sandro,2 DF,Flamengo,
Brazil,,Gabriel Magalhães,2 DF,Arsenal,
Brazil,,Bremer,2 DF,Juventus,
Brazil,,Wesley,2 DF,Roma,
Brazil,,Roger Ibañez,2 DF,Al-Ahli,
Brazil,,Douglas Santos,2 DF,Zenit Saint Petersburg,
Brazil,,Léo Pereira,2 DF,Flamengo,
Brazil,,Casemiro ( captain ),3 MF,Manchester United,
Brazil,,Lucas Paquetá,3 MF,Flamengo,
Brazil,,Bruno Guimarães,3 MF,Newcastle United,
Brazil,,Fabinho,3 MF,Al-Ittihad,
Brazil,,Danilo Santos,3 MF,Botafogo,
Brazil,,Neymar,4 FW,Santos,
Brazil,,Vinícius Júnior,4 FW,Real Madrid,
Brazil,,Raphinha,4 FW,Barcelona,
Brazil,,Gabriel Martinelli,4 FW,Arsenal,
Brazil,,Matheus Cunha,4 FW,Manchester United,
Brazil,,Endrick,4 FW,Lyon,
Brazil,,Luiz Henrique,4 FW,Zenit Saint Petersburg,
Brazil,,Igor Thiago,4 FW,Brentford,
Brazil,,Rayan,4 FW,Bournemouth,
Haiti,,Johny Placide ( captain ),1 GK,Bastia,
Haiti,,Alexandre Pierre,1 GK,Sochaux,
Haiti,,Josué Duverger,1 GK,Cosmos Koblenz,
Haiti,,Ricardo Adé,2 DF,LDU Quito,
Haiti,,Carlens Arcus,2 DF,Angers,
Haiti,,Martin Expérience,2 DF,Nancy,
Haiti,,Jean-Kévin Duverne,2 DF,Gent,
Haiti,,Duke Lacroix,2 DF,Colorado Springs Switchbacks,
Haiti,,Wilguens Paugain,2 DF,Zulte Waregem,
Haiti,,Hannes Delcroix,2 DF,Lugano,
Haiti,,Keeto Thermoncy,2 DF,Young Boys,
Haiti,,Leverton Pierre,3 MF,Vizela,
Haiti,,Danley Jean Jacques,3 MF,Philadelphia Union,
Haiti,,Carl Sainté,3 MF,El Paso Locomotive FC,
Haiti,,Jean-Ricner Bellegarde,3 MF,Wolverhampton Wanderers,
Haiti,,Woodensky Pierre,3 MF,Violette,
Haiti,,Dominique Simon,3 MF,Tatran Prešov,
Haiti,,Duckens Nazon,4 FW,Esteghlal,
Haiti,,Frantzdy Pierrot,4 FW,Çaykur Rizespor,
Haiti,,Derrick Etienne Jr.,4 FW,Toronto FC,
Haiti,,Louicius Deedson,4 FW,FC Dallas,
Haiti,,Ruben Providence,4 FW,Almere City,
Haiti,,Josué Casimir,4 FW,Auxerre,
Haiti,,Yassin Fortuné,4 FW,Vizela,
Haiti,,Wilson Isidor,4 FW,Sunderland,
Haiti,,Lenny Joseph,4 FW,Ferencváros,
Morocco,,Yassine Bounou,1 GK,Al-Hilal,
Morocco,,Munir Mohamedi,1 GK,RS Berkane,
Morocco,,Ahmed Reda Tagnaouti,1 GK,AS FAR,
Morocco,,Achraf Hakimi ( captain ),2 DF,Paris Saint-Germain,
Morocco,,Nayef Aguerd,2 DF,Marseille,
Morocco,,Noussair Mazraoui,2 DF,Manchester United,
Morocco,,Youssef Belammari,2 DF,Al Ahly,
Morocco,,Anass Salah-Eddine,2 DF,PSV Eindhoven,
Morocco,,Chadi Riad,2 DF,Crystal Palace,
Morocco,,Issa Diop,2 DF,Fulham,
Morocco,,Zakaria El Ouahdi,2 DF,Genk,
Morocco,,Redouane Halhal,2 DF,Mechelen,
Morocco,,Sofyan Amrabat,3 MF,Real Betis,
Morocco,,Azzedine Ounahi,3 MF,Girona,
Morocco,,Bilal El Khannouss,3 MF,VfB Stuttgart,
Morocco,,Ismael Saibari,3 MF,PSV Eindhoven,
Morocco,,Neil El Aynaoui,3 MF,Roma,
Morocco,,Samir El Mourabet,3 MF,Strasbourg,
Morocco,,Ayyoub Bouaddi,3 MF,Lille,
Morocco,,Ayoub El Kaabi,4 FW,Olympiacos,
Morocco,,Abde Ezzalzouli,4 FW,Real Betis,
Morocco,,Soufiane Rahimi,4 FW,Al Ain,
Morocco,,Brahim Díaz,4 FW,Real Madrid,
Morocco,,Chemsdine Talbi,4 FW,Sunderland,
Morocco,,Gessime Yassine,4 FW,Strasbourg,
Morocco,,Ayoube Amaimouni,4 FW,Eintracht Frankfurt,
Scotland,,Craig Gordon,1 GK,Heart of Midlothian,
Scotland,,Angus Gunn,1 GK,Nottingham Forest,
Scotland,,Liam Kelly,1 GK,Rangers,
Scotland,,Andy Robertson ( captain ),2 DF,Liverpool,
Scotland,,Grant Hanley,2 DF,Hibernian,
Scotland,,Kieran Tierney,2 DF,Celtic,
Scotland,,Scott McKenna,2 DF,Dinamo Zagreb,
Scotland,,Jack Hendry,2 DF,Al-Ettifaq,
Scotland,,Nathan Patterson,2 DF,Everton,
Scotland,,Anthony Ralston,2 DF,Celtic,
Scotland,,John Souttar,2 DF,Rangers,
Scotland,,Aaron Hickey,2 DF,Brentford,
Scotland,,Dominic Hyam,2 DF,Wrexham,
Scotland,,John McGinn,3 MF,Aston Villa,
Scotland,,Scott McTominay,3 MF,Napoli,
Scotland,,Ryan Christie,3 MF,Bournemouth,
Scotland,,Kenny McLean,3 MF,Norwich City,
Scotland,,Billy Gilmour,3 MF,Napoli,
Scotland,,Lewis Ferguson,3 MF,Bologna,
Scotland,,Ben Gannon-Doak,3 MF,Bournemouth,
Scotland,,Findlay Curtis,3 MF,Kilmarnock,
Scotland,,Lyndon Dykes,4 FW,Charlton Athletic,
Scotland,,Ché Adams,4 FW,Torino,
Scotland,,Lawrence Shankland,4 FW,Heart of Midlothian,
Scotland,,George Hirst,4 FW,Ipswich Town,
Scotland,,Ross Stewart,4 FW,Southampton,
Paraguay,,Gatito Fernández,1 GK,Cerro Porteño,
Paraguay,,Carlos Coronel,1 GK,São Paulo,
Paraguay,,Orlando Gill,1 GK,San Lorenzo,
Paraguay,,Santiago Rojas,1 GK,Nacional,
Paraguay,,Juan Espínola,1 GK,Barracas Central,
Paraguay,,Gastón Olveira,1 GK,Olimpia,
Paraguay,,Gustavo Gómez ( captain ),2 DF,Palmeiras,
Paraguay,,Júnior Alonso,2 DF,Atlético Mineiro,
Paraguay,,Fabián Balbuena,2 DF,Grêmio,
Paraguay,,Omar Alderete,2 DF,Sunderland,
Paraguay,,Juan José Cáceres,2 DF,Dynamo Moscow,
Paraguay,,Blas Riveros,2 DF,Cerro Porteño,
Paraguay,,Gustavo Velázquez,2 DF,Cerro Porteño,
Paraguay,,Alan Benítez,2 DF,Libertad,
Paraguay,,Agustín Sández,2 DF,Rosario Central,
Paraguay,,Mateo Gamarra,2 DF,Cruzeiro,
Paraguay,,Saúl Salcedo,2 DF,Newell's Old Boys,
Paraguay,,José Canale,2 DF,Lanús,
Paraguay,,Diego León,2 DF,Manchester United,
Paraguay,,Alexandro Maidana,2 DF,Talleres,
Paraguay,,Alcides Benítez,2 DF,Belgrano,
Paraguay,,Ronaldo Dejesús,2 DF,Lanús,
Paraguay,,Alan Núñez,2 DF,Nacional,
Paraguay,,Miguel Almirón,3 MF,Atlanta United FC,
Paraguay,,Mathías Villasanti,3 MF,Grêmio,
Paraguay,,Kaku,3 MF,Al Ain,
Paraguay,,Andrés Cubas,3 MF,Vancouver Whitecaps FC,
Paraguay,,Ramón Sosa,3 MF,Palmeiras,
Paraguay,,Diego Gómez,3 MF,Brighton & Hove Albion,
Paraguay,,Damián Bobadilla,3 MF,São Paulo,
Paraguay,,Braian Ojeda,3 MF,Orlando City SC,
Paraguay,,Matías Galarza,3 MF,Atlanta United FC,
Paraguay,,Robert Piris Da Motta,3 MF,Cerro Porteño,
Paraguay,,Álvaro Campuzano,3 MF,Libertad,
Paraguay,,Diego González,3 MF,Atlas,
Paraguay,,Hugo Cuenca,3 MF,Burgos,
Paraguay,,Maurício,3 MF,Palmeiras,
Paraguay,,Lucas Romero,3 MF,Universidad de Chile,
Paraguay,,Enso González,3 MF,Wolverhampton Wanderers,
Paraguay,,Rubén Lezcano,3 MF,Olimpia,
Paraguay,,Óscar Romero,4 FW,Huracán,
Paraguay,,Ángel Romero,4 FW,Boca Juniors,
Paraguay,,Antonio Sanabria,4 FW,Cremonese,
Paraguay,,Julio Enciso,4 FW,Strasbourg,
Paraguay,,Gabriel Ávalos,4 FW,Independiente,
Paraguay,,Carlos González,4 FW,Independiente del Valle,
Paraguay,,Álex Arce,4 FW,Independiente Rivadavia,
Paraguay,,Adam Bareiro,4 FW,Boca Juniors,
Paraguay,,Lorenzo Melgarejo,4 FW,Libertad,
Paraguay,,Isidro Pitta,4 FW,Red Bull Bragantino,
Paraguay,,Ronaldo Martínez,4 FW,Talleres,
Paraguay,,Gustavo Caballero,4 FW,Portsmouth,
Paraguay,,Robert Morales,4 FW,UNAM,
Paraguay,,Adrián Alcaraz,4 FW,Olimpia,
Paraguay,,Rodney Redes,4 FW,LDU Quito,
Turkey,,Uğurcan Çakır,1 GK,Galatasaray,
Turkey,,Mert Günok,1 GK,Fenerbahçe,
Turkey,,Altay Bayındır,1 GK,Manchester United,
Turkey,,Ersin Destanoğlu,1 GK,Beşiktaş,
Turkey,,Muhammed Şengezer,1 GK,İstanbul Başakşehir,
Turkey,,Merih Demiral,2 DF,Al-Ahli,
Turkey,,Zeki Çelik,2 DF,Roma,
Turkey,,Çağlar Söyüncü,2 DF,Fenerbahçe,
Turkey,,Mert Müldür,2 DF,Fenerbahçe,
Turkey,,Ferdi Kadıoğlu,2 DF,Brighton & Hove Albion,
Turkey,,Ozan Kabak,2 DF,TSG Hoffenheim,
Turkey,,Abdülkerim Bardakcı,2 DF,Galatasaray,
Turkey,,Eren Elmalı,2 DF,Galatasaray,
Turkey,,Samet Akaydin,2 DF,Çaykur Rizespor,
Turkey,,Yusuf Akçiçek,2 DF,Al-Hilal,
Turkey,,Mustafa Eskihellaç,2 DF,Trabzonspor,
Turkey,,Ahmetcan Kaplan,2 DF,NEC,
Turkey,,Hakan Çalhanoğlu ( captain ),3 MF,Inter Milan,
Turkey,,Kaan Ayhan,3 MF,Galatasaray,
Turkey,,Orkun Kökçü,3 MF,Beşiktaş,
Turkey,,İsmail Yüksek,3 MF,Fenerbahçe,
Turkey,,Salih Özcan,3 MF,Borussia Dortmund,
Turkey,,Atakan Karazor,3 MF,VfB Stuttgart,
Turkey,,Demir Ege Tıknaz,3 MF,Braga,
Turkey,,Kerem Aktürkoğlu,4 FW,Fenerbahçe,
Turkey,,İrfan Can Kahveci,4 FW,Kasımpaşa,
Turkey,,Barış Alper Yılmaz,4 FW,Galatasaray,
Turkey,,Arda Güler,4 FW,Real Madrid,
Turkey,,Kenan Yıldız,4 FW,Juventus,
Turkey,,Yunus Akgün,4 FW,Galatasaray,
Turkey,,Oğuz Aydın,4 FW,Fenerbahçe,
Turkey,,Deniz Gül,4 FW,Porto,
Turkey,,Yusuf Sarı,4 FW,İstanbul Başakşehir,
Turkey,,Can Uzun,4 FW,Eintracht Frankfurt,
Turkey,,Aral Şimşir,4 FW,Midtjylland,
United States,,Matt Turner,1 GK,New England Revolution,
United States,,Sergiño Dest,2 DF,PSV Eindhoven,
United States,,Chris Richards,2 DF,Crystal Palace,
United States,,Tyler Adams,3 MF,Bournemouth,
United States,,Antonee Robinson,2 DF,Fulham,
United States,,Auston Trusty,2 DF,Celtic,
United States,,Giovanni Reyna,3 MF,Borussia Mönchengladbach,
United States,,Weston McKennie,3 MF,Juventus,
United States,,Ricardo Pepi,4 FW,PSV Eindhoven,
United States,,Christian Pulisic ( captain ),4 FW,Milan,
United States,,Brenden Aaronson,4 FW,Leeds United,
United States,,Miles Robinson,2 DF,FC Cincinnati,
United States,,Tim Ream,2 DF,Charlotte FC,
United States,,Sebastian Berhalter,3 MF,Vancouver Whitecaps FC,
United States,,Cristian Roldan,3 MF,Seattle Sounders FC,
United States,,Alex Freeman,2 DF,Villarreal,
United States,,Malik Tillman,3 MF,Bayer Leverkusen,
United States,,Maximilian Arfsten,2 DF,Columbus Crew,
United States,,Haji Wright,4 FW,Coventry City,
United States,,Folarin Balogun,4 FW,Monaco,
United States,,Timothy Weah,4 FW,Marseille,
United States,,Mark McKenzie,2 DF,Toulouse,
United States,,Joe Scally,2 DF,Borussia Mönchengladbach,
United States,,Matt Freese,1 GK,New York City FC,
United States,,Chris Brady,1 GK,Chicago Fire,
United States,,Alejandro Zendejas,4 FW,América,
Curaçao,,Eloy Room,1 GK,Miami FC,
Curaçao,,Trevor Doornbusch,1 GK,VVV-Venlo,
Curaçao,,Tyrick Bodak,1 GK,Telstar,
Curaçao,,Juriën Gaari,2 DF,Abha,
Curaçao,,Roshon van Eijma,2 DF,RKC Waalwijk,
Curaçao,,Sherel Floranus,2 DF,PEC Zwolle,
Curaçao,,Joshua Brenet,2 DF,Kayserispor,
Curaçao,,Shurandy Sambo,2 DF,Sparta Rotterdam,
Curaçao,,Armando Obispo,2 DF,PSV Eindhoven,
Curaçao,,Riechedly Bazoer,2 DF,Konyaspor,
Curaçao,,Deveron Fonville,2 DF,NEC,
Curaçao,,Leandro Bacuna ( captain ),3 MF,Iğdır,
Curaçao,,Juninho Bacuna,3 MF,Volendam,
Curaçao,,Godfried Roemeratoe,3 MF,RKC Waalwijk,
Curaçao,,Kevin Felida,3 MF,Den Bosch,
Curaçao,,Livano Comenencia,3 MF,Zürich,
Curaçao,,Ar'jany Martha,3 MF,Rotherham United,
Curaçao,,Tyrese Noslin,3 MF,Telstar,
Curaçao,,Kenji Gorré,4 FW,Maccabi Haifa,
Curaçao,,Brandley Kuwas,4 FW,Volendam,
Curaçao,,Gervane Kastaneer,4 FW,Terengganu,
Curaçao,,Jeremy Antonisse,4 FW,Kifisia,
Curaçao,,Jearl Margaritha,4 FW,Beveren,
Curaçao,,Jürgen Locadia,4 FW,Miami FC,
Curaçao,,Sontje Hansen,4 FW,Middlesbrough,
Curaçao,,Tahith Chong,4 FW,Sheffield United,
Germany,,Manuel Neuer,1 GK,Bayern Munich,
Germany,,Antonio Rüdiger,2 DF,Real Madrid,
Germany,,Waldemar Anton,2 DF,Borussia Dortmund,
Germany,,Jonathan Tah,2 DF,Bayern Munich,
Germany,,Aleksandar Pavlović,3 MF,Bayern Munich,
Germany,,Joshua Kimmich ( captain ),3 MF,Bayern Munich,
Germany,,Kai Havertz,4 FW,Arsenal,
Germany,,Leon Goretzka,3 MF,Bayern Munich,
Germany,,Jamie Leweling,3 MF,VfB Stuttgart,
Germany,,Jamal Musiala,3 MF,Bayern Munich,
Germany,,Nick Woltemade,4 FW,Newcastle United,
Germany,,Oliver Baumann,1 GK,TSG Hoffenheim,
Germany,,Pascal Groß,3 MF,Brighton & Hove Albion,
Germany,,Maximilian Beier,4 FW,Borussia Dortmund,
Germany,,Nico Schlotterbeck,2 DF,Borussia Dortmund,
Germany,,Angelo Stiller,3 MF,VfB Stuttgart,
Germany,,Florian Wirtz,3 MF,Liverpool,
Germany,,Nathaniel Brown,2 DF,Eintracht Frankfurt,
Germany,,Leroy Sané,3 MF,Galatasaray,
Germany,,Nadiem Amiri,3 MF,Mainz 05,
Germany,,Alexander Nübel,1 GK,VfB Stuttgart,
Germany,,David Raum,2 DF,RB Leipzig,
Germany,,Felix Nmecha,3 MF,Borussia Dortmund,
Germany,,Malick Thiaw,2 DF,Newcastle United,
Germany,,Lennart Karl,3 MF,Bayern Munich,
Germany,,Deniz Undav,4 FW,VfB Stuttgart,
Ivory Coast,,Yahia Fofana,1 GK,Çaykur Rizespor,
Ivory Coast,,Alban Lafont,1 GK,Panathinaikos,
Ivory Coast,,Mohamed Koné,1 GK,Charleroi,
Ivory Coast,,Ghislain Konan,2 DF,Gil Vicente,
Ivory Coast,,Odilon Kossounou,2 DF,Atalanta,
Ivory Coast,,Wilfried Singo,2 DF,Galatasaray,
Ivory Coast,,Evan Ndicka,2 DF,Roma,
Ivory Coast,,Emmanuel Agbadou,2 DF,Beşiktaş,
Ivory Coast,,Guéla Doué,2 DF,Strasbourg,
Ivory Coast,,Ousmane Diomande,2 DF,Sporting CP,
Ivory Coast,,Clément Akpa,2 DF,Auxerre,
Ivory Coast,,Franck Kessié ( captain ),3 MF,Al-Ahli,
Ivory Coast,,Jean Michaël Seri,3 MF,Maribor,
Ivory Coast,,Ibrahim Sangaré,3 MF,Nottingham Forest,
Ivory Coast,,Seko Fofana,3 MF,Porto,
Ivory Coast,,Christ Inao Oulaï,3 MF,Trabzonspor,
Ivory Coast,,Parfait Guiagon,3 MF,Charleroi,
Ivory Coast,,Nicolas Pépé,4 FW,Villarreal,
Ivory Coast,,Oumar Diakité,4 FW,Cercle Brugge,
Ivory Coast,,Simon Adingra,4 FW,Monaco,
Ivory Coast,,Evann Guessand,4 FW,Crystal Palace,
Ivory Coast,,Amad Diallo,4 FW,Manchester United,
Ivory Coast,,Yan Diomande,4 FW,RB Leipzig,
Ivory Coast,,Bazoumana Touré,4 FW,TSG Hoffenheim,
Ivory Coast,,Elye Wahi,4 FW,Nice,
Ivory Coast,,Ange-Yoan Bonny,4 FW,Inter Milan,
Japan,,Zion Suzuki,1 GK,Parma,
Japan,,Yukinari Sugawara,2 DF,Werder Bremen,
Japan,,Shōgo Taniguchi,2 DF,Sint-Truiden,
Japan,,Kō Itakura,2 DF,Ajax,
Japan,,Yūto Nagatomo,2 DF,FC Tokyo,
Japan,,Wataru Endo ( captain ),3 MF,Liverpool,
Japan,,Ao Tanaka,3 MF,Leeds United,
Japan,,Takefusa Kubo,3 MF,Real Sociedad,
Japan,,Keisuke Gotō,4 FW,Sint-Truiden,
Japan,,Ritsu Dōan,3 MF,Eintracht Frankfurt,
Japan,,Daizen Maeda,4 FW,Celtic,
Japan,,Keisuke Ōsako,1 GK,Sanfrecce Hiroshima,
Japan,,Keito Nakamura,3 MF,Reims,
Japan,,Junya Itō,3 MF,Genk,
Japan,,Daichi Kamada,3 MF,Crystal Palace,
Japan,,Tsuyoshi Watanabe,2 DF,Feyenoord,
Japan,,Yuito Suzuki,4 FW,SC Freiburg,
Japan,,Ayase Ueda,4 FW,Feyenoord,
Japan,,Kōki Ogawa,4 FW,NEC,
Japan,,Ayumu Seko,2 DF,Le Havre,
Japan,,Hiroki Itō,2 DF,Bayern Munich,
Japan,,Takehiro Tomiyasu,2 DF,Ajax,
Japan,,Tomoki Hayakawa,1 GK,Kashima Antlers,
Japan,,Kaishū Sano,3 MF,Mainz 05,
Japan,,Junnosuke Suzuki,2 DF,Copenhagen,
Japan,,Kento Shiogai,4 FW,VfL Wolfsburg,
Netherlands,,Bart Verbruggen,1 GK,Brighton & Hove Albion,
Netherlands,,Mark Flekken,1 GK,Bayer Leverkusen,
Netherlands,,Robin Roefs,1 GK,Sunderland,
Netherlands,,Virgil van Dijk ( captain ),2 DF,Liverpool,
Netherlands,,Denzel Dumfries,2 DF,Inter Milan,
Netherlands,,Nathan Aké,2 DF,Manchester City,
Netherlands,,Jurriën Timber,2 DF,Arsenal,
Netherlands,,Micky van de Ven,2 DF,Tottenham Hotspur,
Netherlands,,Mats Wieffer,2 DF,Brighton & Hove Albion,
Netherlands,,Jan Paul van Hecke,2 DF,Brighton & Hove Albion,
Netherlands,,Jorrel Hato,2 DF,Chelsea,
Netherlands,,Frenkie de Jong,3 MF,Barcelona,
Netherlands,,Marten de Roon,3 MF,Atalanta,
Netherlands,,Tijjani Reijnders,3 MF,Manchester City,
Netherlands,,Teun Koopmeiners,3 MF,Juventus,
Netherlands,,Ryan Gravenberch,3 MF,Liverpool,
Netherlands,,Justin Kluivert,3 MF,Bournemouth,
Netherlands,,Quinten Timber,3 MF,Marseille,
Netherlands,,Guus Til,3 MF,PSV Eindhoven,
Netherlands,,Memphis Depay,4 FW,Corinthians,
Netherlands,,Wout Weghorst,4 FW,Ajax,
Netherlands,,Donyell Malen,4 FW,Roma,
Netherlands,,Cody Gakpo,4 FW,Liverpool,
Netherlands,,Noa Lang,4 FW,Galatasaray,
Netherlands,,Brian Brobbey,4 FW,Sunderland,
Netherlands,,Crysencio Summerville,4 FW,West Ham United,
Sweden,,Jacob Widell Zetterström,1 GK,Derby County,
Sweden,,Gustaf Lagerbielke,2 DF,Braga,
Sweden,,Victor Lindelöf ( captain ),2 DF,Aston Villa,
Sweden,,Isak Hien,2 DF,Atalanta,
Sweden,,Gabriel Gudmundsson,2 DF,Leeds United,
Sweden,,Emil Holm,2 DF,Juventus,
Sweden,,Lucas Bergvall,3 MF,Tottenham Hotspur,
Sweden,,Daniel Svensson,2 DF,Borussia Dortmund,
Sweden,,Alexander Isak,4 FW,Liverpool,
Sweden,,Benjamin Nygren,4 FW,Celtic,
Sweden,,Anthony Elanga,4 FW,Newcastle United,
Sweden,,Viktor Johansson,1 GK,Stoke City,
Sweden,,Ken Sema,3 MF,Pafos,
Sweden,,Hjalmar Ekdal,2 DF,Burnley,
Sweden,,Carl Starfelt,2 DF,Celta Vigo,
Sweden,,Jesper Karlström,3 MF,Udinese,
Sweden,,Viktor Gyökeres,4 FW,Arsenal,
Sweden,,Yasin Ayari,3 MF,Brighton & Hove Albion,
Sweden,,Mattias Svanberg,3 MF,VfL Wolfsburg,
Sweden,,Eric Smith,2 DF,FC St. Pauli,
Sweden,,Alexander Bernhardsson,4 FW,Holstein Kiel,
Sweden,,Besfort Zeneli,3 MF,Union Saint-Gilloise,
Sweden,,Kristoffer Nordfeldt,1 GK,AIK,
Sweden,,Elliot Stroud,2 DF,Mjällby AIF,
Sweden,,Gustaf Nilsson,4 FW,Club Brugge,
Sweden,,Taha Ali,4 FW,Malmö FF,
Tunisia,,Aymen Dahmen,1 GK,CS Sfaxien,
Tunisia,,Sabri Ben Hessen,1 GK,Étoile du Sahel,
Tunisia,,Mouhib Chamakh,1 GK,Club Africain,
Tunisia,,Montassar Talbi,2 DF,Lorient,
Tunisia,,Dylan Bronn,2 DF,Servette,
Tunisia,,Ali Abdi,2 DF,Nice,
Tunisia,,Yan Valery,2 DF,Young Boys,
Tunisia,,Mohamed Amine Ben Hamida,2 DF,Espérance de Tunis,
Tunisia,,Moutaz Neffati,2 DF,IFK Norrköping,
Tunisia,,Omar Rekik,2 DF,Maribor,
Tunisia,,Adem Arous,2 DF,Kasımpaşa,
Tunisia,,Raed Chikhaoui,2 DF,US Monastir,
Tunisia,,Ellyes Skhiri ( captain ),3 MF,Eintracht Frankfurt,
Tunisia,,Hannibal Mejbri,3 MF,Burnley,
Tunisia,,Anis Ben Slimane,3 MF,Norwich City,
Tunisia,,Mortadha Ben Ouanes,3 MF,Kasımpaşa,
Tunisia,,Ismaël Gharbi,3 MF,FC Augsburg,
Tunisia,,Hadj Mahmoud,3 MF,Lugano,
Tunisia,,Rani Khedira,3 MF,Union Berlin,
Tunisia,,Elias Achouri,4 FW,Copenhagen,
Tunisia,,Firas Chaouat,4 FW,Club Africain,
Tunisia,,Hazem Mastouri,4 FW,Dynamo Makhachkala,
Tunisia,,Elias Saad,4 FW,Hannover 96,
Tunisia,,Sebastian Tounekti,4 FW,Celtic,
Tunisia,,Khalil Ayari,4 FW,Paris Saint-Germain,
Tunisia,,Rayan Elloumi,4 FW,Vancouver Whitecaps FC,
Belgium,,Thibaut Courtois,1 GK,Real Madrid,
Belgium,,Senne Lammens,1 GK,Manchester United,
Belgium,,Mike Penders,1 GK,Strasbourg,
Belgium,,Thomas Meunier,2 DF,Lille,
Belgium,,Timothy Castagne,2 DF,Fulham,
Belgium,,Arthur Theate,2 DF,Eintracht Frankfurt,
Belgium,,Zeno Debast,2 DF,Sporting CP,
Belgium,,Maxim De Cuyper,2 DF,Brighton & Hove Albion,
Belgium,,Brandon Mechele,2 DF,Club Brugge,
Belgium,,Koni De Winter,2 DF,Milan,
Belgium,,Joaquin Seys,2 DF,Club Brugge,
Belgium,,Nathan Ngoy,2 DF,Lille,
Belgium,,Axel Witsel,3 MF,Girona,
Belgium,,Kevin De Bruyne,3 MF,Napoli,
Belgium,,Youri Tielemans ( captain ),3 MF,Aston Villa,
Belgium,,Hans Vanaken,3 MF,Club Brugge,
Belgium,,Amadou Onana,3 MF,Aston Villa,
Belgium,,Nicolas Raskin,3 MF,Rangers,
Belgium,,Romelu Lukaku,4 FW,Napoli,
Belgium,,Leandro Trossard,4 FW,Arsenal,
Belgium,,Jérémy Doku,4 FW,Manchester City,
Belgium,,Dodi Lukébakio,4 FW,Benfica,
Belgium,,Charles De Ketelaere,4 FW,Atalanta,
Belgium,,Alexis Saelemaekers,4 FW,Milan,
Belgium,,Diego Moreira,4 FW,Strasbourg,
Belgium,,Matias Fernandez-Pardo,4 FW,Lille,
Egypt,,Mohamed El Shenawy,1 GK,Al Ahly,
Egypt,,Mostafa Shobeir,1 GK,Al Ahly,
Egypt,,Mohamed Alaa,1 GK,El Gouna,
Egypt,,El Mahdy Soliman,1 GK,Zamalek,
Egypt,,Hamdy Fathy,2 DF,Al-Wakrah,
Egypt,,Ramy Rabia,2 DF,Al Ain,
Egypt,,Mohamed Hany,2 DF,Al Ahly,
Egypt,,Ahmed Fatouh,2 DF,Zamalek,
Egypt,,Mohamed Abdelmonem,2 DF,Nice,
Egypt,,Yasser Ibrahim,2 DF,Al Ahly,
Egypt,,Hossam Abdelmaguid,2 DF,Zamalek,
Egypt,,Karim Hafez,2 DF,Pyramids,
Egypt,,Tarek Alaa,2 DF,ZED,
Egypt,,Marwan Attia,3 MF,Al Ahly,
Egypt,,Emam Ashour,3 MF,Al Ahly,
Egypt,,Mohanad Lasheen,3 MF,Pyramids,
Egypt,,Mahmoud Saber,3 MF,ZED,
Egypt,,Nabil Emad,3 MF,Al-Najma,
Egypt,,Mostafa Ziko,3 MF,Pyramids,
Egypt,,Mohamed Salah ( captain ),4 FW,Liverpool,
Egypt,,Trézéguet,4 FW,Al Ahly,
Egypt,,Zizo,4 FW,Al Ahly,
Egypt,,Omar Marmoush,4 FW,Manchester City,
Egypt,,Ibrahim Adel,4 FW,Nordsjælland,
Egypt,,Haissem Hassan,4 FW,Oviedo,
Egypt,,Aqtay Abdallah,4 FW,ENPPI,
Egypt,,Hamza Abdelkarim,4 FW,Barcelona B,
Iran,,Alireza Beiranvand,1 GK,Tractor,
Iran,,Payam Niazmand,1 GK,Persepolis,
Iran,,Hossein Hosseini,1 GK,Sepahan,
Iran,,Mohammad Khalife,1 GK,Aluminium Arak,
Iran,,Ehsan Hajsafi,2 DF,Sepahan,
Iran,,Milad Mohammadi,2 DF,Persepolis,
Iran,,Ramin Rezaeian,2 DF,Foolad,
Iran,,Hossein Kanaanizadegan,2 DF,Persepolis,
Iran,,Shojae Khalilzadeh,2 DF,Tractor,
Iran,,Saleh Hardani,2 DF,Esteghlal,
Iran,,Ali Nemati,2 DF,Foolad,
Iran,,Aria Yousefi,2 DF,Sepahan,
Iran,,Danial Eiri,2 DF,Malavan,
Iran,,Alireza Jahanbakhsh ( captain ),3 MF,Dender,
Iran,,Saeid Ezatolahi,3 MF,Shabab Al-Ahli,
Iran,,Saman Ghoddos,3 MF,Kalba,
Iran,,Mehdi Torabi,3 MF,Tractor,
Iran,,Rouzbeh Cheshmi,3 MF,Esteghlal,
Iran,,Omid Noorafkan,3 MF,Sepahan,
Iran,,Mohammad Mohebi,3 MF,Rostov,
Iran,,Mohammad Ghorbani,3 MF,Al-Wahda,
Iran,,Amirmohammad Razzaghinia,3 MF,Esteghlal,
Iran,,Hadi Habibinejad,3 MF,Chadormalou,
Iran,,Mehdi Taremi,4 FW,Olympiacos,
Iran,,Mehdi Ghayedi,4 FW,Al-Nasr,
Iran,,Amirhossein Hosseinzadeh,4 FW,Tractor,
Iran,,Ali Alipour,4 FW,Persepolis,
Iran,,Kasra Taheri,4 FW,Paykan,
Iran,,Amirhossein Mahmoudi,4 FW,Persepolis,
Iran,,Dennis Eckert,4 FW,Standard Liège,
New Zealand,,Max Crocombe,1 GK,Millwall,
New Zealand,,Tim Payne,2 DF,Wellington Phoenix,
New Zealand,,Francis de Vries,2 DF,Auckland FC,
New Zealand,,Tyler Bindon,2 DF,Sheffield United,
New Zealand,,Michael Boxall,2 DF,Minnesota United FC,
New Zealand,,Joe Bell,3 MF,Viking,
New Zealand,,Matthew Garbett,3 MF,Peterborough United,
New Zealand,,Marko Stamenić,3 MF,Swansea City,
New Zealand,,Chris Wood ( captain ),4 FW,Nottingham Forest,
New Zealand,,Sarpreet Singh,3 MF,Wellington Phoenix,
New Zealand,,Elijah Just,3 MF,Motherwell,
New Zealand,,Alex Paulsen,1 GK,Lechia Gdańsk,
New Zealand,,Liberato Cacace,2 DF,Wrexham,
New Zealand,,Alex Rufer,3 MF,Wellington Phoenix,
New Zealand,,Nando Pijnaker,2 DF,Auckland FC,
New Zealand,,Finn Surman,2 DF,Portland Timbers,
New Zealand,,Kosta Barbarouses,4 FW,Western Sydney Wanderers,
New Zealand,,Ben Waine,4 FW,Port Vale,
New Zealand,,Ben Old,3 MF,Saint-Étienne,
New Zealand,,Callum McCowatt,3 MF,Silkeborg,
New Zealand,,Jesse Randall,4 FW,Auckland FC,
New Zealand,,Michael Woud,1 GK,Auckland FC,
New Zealand,,Ryan Thomas,3 MF,PEC Zwolle,
New Zealand,,Callan Elliot,2 DF,Auckland FC,
New Zealand,,Lachlan Bayliss,3 MF,Newcastle Jets,
New Zealand,,Tommy Smith,2 DF,Braintree Town,
Cape Verde,,Vozinha,1 GK,Chaves,
Cape Verde,,Márcio Rosa,1 GK,Montana,
Cape Verde,,CJ dos Santos,1 GK,San Diego FC,
Cape Verde,,Stopira,2 DF,Torreense,
Cape Verde,,Roberto Lopes,2 DF,Shamrock Rovers,
Cape Verde,,João Paulo,2 DF,FCSB,
Cape Verde,,Diney,2 DF,Al Bataeh,
Cape Verde,,Logan Costa,2 DF,Villarreal,
Cape Verde,,Steven Moreira,2 DF,Columbus Crew,
Cape Verde,,Wagner Pina,2 DF,Trabzonspor,
Cape Verde,,Sidny Lopes Cabral,2 DF,Benfica,
Cape Verde,,Kelvin Pires,2 DF,SJK,
Cape Verde,,Jamiro Monteiro,3 MF,PEC Zwolle,
Cape Verde,,Kevin Pina,3 MF,Krasnodar,
Cape Verde,,Deroy Duarte,3 MF,Ludogorets Razgrad,
Cape Verde,,Telmo Arcanjo,3 MF,Vitória de Guimarães,
Cape Verde,,Laros Duarte,3 MF,Puskás Akadémia,
Cape Verde,,Yannick Semedo,3 MF,Farense,
Cape Verde,,Ryan Mendes ( captain ),4 FW,Iğdır,
Cape Verde,,Garry Rodrigues,4 FW,Apollon Limassol,
Cape Verde,,Willy Semedo,4 FW,Omonia,
Cape Verde,,Jovane Cabral,4 FW,Estrela Amadora,
Cape Verde,,Gilson Benchimol,4 FW,Akron Tolyatti,
Cape Verde,,Dailon Livramento,4 FW,Casa Pia,
Cape Verde,,Hélio Varela,4 FW,Maccabi Tel Aviv,
Cape Verde,,Nuno da Costa,4 FW,İstanbul Başakşehir,
Saudi Arabia,,Mohammed Al-Owais,1 GK,Al-Ula,
Saudi Arabia,,Nawaf Al-Aqidi,1 GK,Al-Nassr,
Saudi Arabia,,Ahmed Al-Kassar,1 GK,Al-Qadsiah,
Saudi Arabia,,Abdulquddus Atiah,1 GK,Al-Taawoun,
Saudi Arabia,,Saud Abdulhamid,2 DF,Lens,
Saudi Arabia,,Hassan Al-Tambakti,2 DF,Al-Hilal,
Saudi Arabia,,Abdulelah Al-Amri,2 DF,Al-Nassr,
Saudi Arabia,,Nawaf Boushal,2 DF,Al-Nassr,
Saudi Arabia,,Ali Majrashi,2 DF,Al-Ahli,
Saudi Arabia,,Ali Lajami,2 DF,Al-Hilal,
Saudi Arabia,,Hassan Kadesh,2 DF,Al-Ittihad,
Saudi Arabia,,Moteb Al-Harbi,2 DF,Al-Hilal,
Saudi Arabia,,Jehad Thakri,2 DF,Al-Qadsiah,
Saudi Arabia,,Mohammed Abu Al-Shamat,2 DF,Al-Qadsiah,
Saudi Arabia,,Zakaria Hawsawi,2 DF,Al-Ahli,
Saudi Arabia,,Salem Al-Dawsari ( captain ),3 MF,Al-Hilal,
Saudi Arabia,,Mohamed Kanno,3 MF,Al-Hilal,
Saudi Arabia,,Nasser Al-Dawsari,3 MF,Al-Hilal,
Saudi Arabia,,Abdullah Al-Khaibari,3 MF,Al-Nassr,
Saudi Arabia,,Musab Al-Juwayr,3 MF,Al-Qadsiah,
Saudi Arabia,,Ayman Yahya,3 MF,Al-Nassr,
Saudi Arabia,,Ziyad Al-Johani,3 MF,Al-Ahli,
Saudi Arabia,,Saleh Abu Al-Shamat,3 MF,Al-Ahli,
Saudi Arabia,,Sultan Mandash,3 MF,Al-Hilal,
Saudi Arabia,,Alaa Al-Hejji,3 MF,Neom,
Saudi Arabia,,Firas Al-Buraikan,4 FW,Al-Ahli,
Saudi Arabia,,Saleh Al-Shehri,4 FW,Al-Ittihad,
Saudi Arabia,,Abdullah Al-Hamdan,4 FW,Al-Nassr,
Saudi Arabia,,Khalid Al-Ghannam,4 FW,Al-Ettifaq,
Saudi Arabia,,Abdullah Al-Salem,4 FW,Al-Qadsiah,
Spain,,Unai Simón,1 GK,Athletic Bilbao,
Spain,,David Raya,1 GK,Arsenal,
Spain,,Joan Garcia,1 GK,Barcelona,
Spain,,Aymeric Laporte,2 DF,Athletic Bilbao,
Spain,,Marc Cucurella,2 DF,Chelsea,
Spain,,Marcos Llorente,2 DF,Atlético Madrid,
Spain,,Eric García,2 DF,Barcelona,
Spain,,Pedro Porro,2 DF,Tottenham Hotspur,
Spain,,Álex Grimaldo,2 DF,Bayer Leverkusen,
Spain,,Pau Cubarsí,2 DF,Barcelona,
Spain,,Marc Pubill,2 DF,Atlético Madrid,
Spain,,Rodri ( captain ),3 MF,Manchester City,
Spain,,Mikel Merino,3 MF,Arsenal,
Spain,,Fabián Ruiz,3 MF,Paris Saint-Germain,
Spain,,Pedri,3 MF,Barcelona,
Spain,,Gavi,3 MF,Barcelona,
Spain,,Martín Zubimendi,3 MF,Arsenal,
Spain,,Álex Baena,3 MF,Atlético Madrid,
Spain,,Ferran Torres,4 FW,Barcelona,
Spain,,Mikel Oyarzabal,4 FW,Real Sociedad,
Spain,,Dani Olmo,4 FW,Barcelona,
Spain,,Nico Williams,4 FW,Athletic Bilbao,
Spain,,Lamine Yamal,4 FW,Barcelona,
Spain,,Yéremy Pino,4 FW,Crystal Palace,
Spain,,Borja Iglesias,4 FW,Celta Vigo,
Spain,,Víctor Muñoz,4 FW,Osasuna,
France,,Brice Samba,1 GK,Rennes,
France,,Malo Gusto,2 DF,Chelsea,
France,,Lucas Digne,2 DF,Aston Villa,
France,,Dayot Upamecano,2 DF,Bayern Munich,
France,,Jules Koundé,2 DF,Barcelona,
France,,Manu Koné,3 MF,Roma,
France,,Ousmane Dembélé,4 FW,Paris Saint-Germain,
France,,Aurélien Tchouaméni,3 MF,Real Madrid,
France,,Marcus Thuram,4 FW,Inter Milan,
France,,Kylian Mbappé ( captain ),4 FW,Real Madrid,
France,,Michael Olise,4 FW,Bayern Munich,
France,,Bradley Barcola,4 FW,Paris Saint-Germain,
France,,N'Golo Kanté,3 MF,Fenerbahçe,
France,,Adrien Rabiot,3 MF,Milan,
France,,Ibrahima Konaté,2 DF,Liverpool,
France,,Mike Maignan,1 GK,Milan,
France,,William Saliba,2 DF,Arsenal,
France,,Warren Zaïre-Emery,3 MF,Paris Saint-Germain,
France,,Théo Hernandez,2 DF,Al-Hilal,
France,,Désiré Doué,4 FW,Paris Saint-Germain,
France,,Lucas Hernandez,2 DF,Paris Saint-Germain,
France,,Jean-Philippe Mateta,4 FW,Crystal Palace,
France,,Robin Risser,1 GK,Lens,
France,,Rayan Cherki,4 FW,Manchester City,
France,,Maghnes Akliouche,4 FW,Monaco,
France,,Maxence Lacroix,2 DF,Crystal Palace,
Iraq,,Jalal Hassan ( captain ),1 GK,Al-Zawraa,
Iraq,,Fahad Talib,1 GK,Al-Talaba,
Iraq,,Ahmed Basil,1 GK,Al-Shorta,
Iraq,,Kumel Al-Rekabe,1 GK,Erbil,
Iraq,,Rebin Sulaka,2 DF,Port,
Iraq,,Manaf Younis,2 DF,Al-Shorta,
Iraq,,Merchas Doski,2 DF,Viktoria Plzeň,
Iraq,,Hussein Ali,2 DF,Pogoń Szczecin,
Iraq,,Zaid Tahseen,2 DF,Pakhtakor,
Iraq,,Frans Putros,2 DF,Persib,
Iraq,,Maitham Jabbar,2 DF,Al-Zawraa,
Iraq,,Ahmed Yahya,2 DF,Al-Shorta,
Iraq,,Mustafa Saadoon,2 DF,Al-Shorta,
Iraq,,Akam Hashim,2 DF,Al-Zawraa,
Iraq,,Ahmed Maknzi,2 DF,Al-Karma,
Iraq,,Dario Naamo,2 DF,Dundee United,
Iraq,,Ibrahim Bayesh,3 MF,Al-Dhafra,
Iraq,,Amir Al-Ammari,3 MF,Cracovia,
Iraq,,Ali Jasim,3 MF,Al-Najma,
Iraq,,Youssef Amyn,3 MF,AEK Larnaca,
Iraq,,Zidane Iqbal,3 MF,Utrecht,
Iraq,,Hasan Abdulkareem,3 MF,Al-Zawraa,
Iraq,,Marko Farji,3 MF,Venezia,
Iraq,,Karrar Nabeel,3 MF,Al-Zawraa,
Iraq,,Kevin Yakob,3 MF,AGF,
Iraq,,Aimar Sher,3 MF,Sarpsborg 08,
Iraq,,Zaid Ismail,3 MF,Al-Talaba,
Iraq,,Peter Gwargis,3 MF,Duhok,
Iraq,,Jussef Nasrawe,3 MF,SV Ried,
Iraq,,Ahmed Qasem,3 MF,Nashville SC,
Iraq,,Aymen Hussein,4 FW,Al-Karma,
Iraq,,Mohanad Ali,4 FW,Dibba,
Iraq,,Ali Al-Hamadi,4 FW,Luton Town,
Iraq,,Ali Yousif,4 FW,Al-Talaba,
Norway,,Ørjan Nyland,1 GK,Sevilla,
Norway,,Morten Thorsby,3 MF,Cremonese,
Norway,,Kristoffer Ajer,2 DF,Brentford,
Norway,,Leo Østigård,2 DF,Genoa,
Norway,,David Møller Wolfe,2 DF,Wolverhampton Wanderers,
Norway,,Patrick Berg,3 MF,Bodø/Glimt,
Norway,,Alexander Sørloth,4 FW,Atlético Madrid,
Norway,,Sander Berge,3 MF,Fulham,
Norway,,Erling Haaland,4 FW,Manchester City,
Norway,,Martin Ødegaard ( captain ),3 MF,Arsenal,
Norway,,Jørgen Strand Larsen,4 FW,Crystal Palace,
Norway,,Sander Tangvik,1 GK,Hamburger SV,
Norway,,Egil Selvik,1 GK,Watford,
Norway,,Fredrik Aursnes,3 MF,Benfica,
Norway,,Fredrik André Bjørkan,2 DF,Bodø/Glimt,
Norway,,Marcus Holmgren Pedersen,2 DF,Torino,
Norway,,Torbjørn Heggem,2 DF,Bologna,
Norway,,Kristian Thorstvedt,3 MF,Sassuolo,
Norway,,Thelo Aasgaard,3 MF,Rangers,
Norway,,Antonio Nusa,3 MF,RB Leipzig,
Norway,,Andreas Schjelderup,3 MF,Benfica,
Norway,,Oscar Bobb,3 MF,Fulham,
Norway,,Jens Petter Hauge,3 MF,Bodø/Glimt,
Norway,,Sondre Langås,2 DF,Derby County,
Norway,,Henrik Falchener,2 DF,Viking,
Norway,,Julian Ryerson,2 DF,Borussia Dortmund,
Senegal,,Édouard Mendy,1 GK,Al-Ahli,
Senegal,,Mory Diaw,1 GK,Le Havre,
Senegal,,Yehvann Diouf,1 GK,Nice,
Senegal,,Kalidou Koulibaly ( captain ),2 DF,Al-Hilal,
Senegal,,Krépin Diatta,2 DF,Monaco,
Senegal,,Moussa Niakhaté,2 DF,Lyon,
Senegal,,Ismail Jakobs,2 DF,Galatasaray,
Senegal,,Abdoulaye Seck,2 DF,Maccabi Haifa,
Senegal,,El Hadji Malick Diouf,2 DF,West Ham United,
Senegal,,Antoine Mendy,2 DF,Nice,
Senegal,,Mamadou Sarr,2 DF,Chelsea,
Senegal,,Ilay Camara,2 DF,Anderlecht,
Senegal,,Moustapha Mbow,2 DF,Paris FC,
Senegal,,Idrissa Gueye,3 MF,Everton,
Senegal,,Pape Gueye,3 MF,Villarreal,
Senegal,,Pape Matar Sarr,3 MF,Tottenham Hotspur,
Senegal,,Pathé Ciss,3 MF,Rayo Vallecano,
Senegal,,Lamine Camara,3 MF,Monaco,
Senegal,,Habib Diarra,3 MF,Sunderland,
Senegal,,Bara Sapoko Ndiaye,3 MF,Bayern Munich,
Senegal,,Sadio Mané,4 FW,Al-Nassr,
Senegal,,Ismaïla Sarr,4 FW,Crystal Palace,
Senegal,,Iliman Ndiaye,4 FW,Everton,
Senegal,,Nicolas Jackson,4 FW,Bayern Munich,
Senegal,,Bamba Dieng,4 FW,Lorient,
Senegal,,Cherif Ndiaye,4 FW,Samsunspor,
Senegal,,Ibrahim Mbaye,4 FW,Paris Saint-Germain,
Senegal,,Assane Diao,4 FW,Como,
Argentina,,Emiliano Martínez,1 GK,Aston Villa,
Argentina,,Gerónimo Rulli,1 GK,Marseille,
Argentina,,Juan Musso,1 GK,Atlético Madrid,
Argentina,,Walter Benítez,1 GK,Crystal Palace,
Argentina,,Facundo Cambeses,1 GK,Racing,
Argentina,,Santiago Beltrán,1 GK,River Plate,
Argentina,,Nicolás Otamendi,2 DF,Benfica,
Argentina,,Nicolás Tagliafico,2 DF,Lyon,
Argentina,,Marcos Acuña,2 DF,River Plate,
Argentina,,Nahuel Molina,2 DF,Atlético Madrid,
Argentina,,Cristian Romero,2 DF,Tottenham Hotspur,
Argentina,,Germán Pezzella,2 DF,River Plate,
Argentina,,Gonzalo Montiel,2 DF,River Plate,
Argentina,,Lisandro Martínez,2 DF,Manchester United,
Argentina,,Lucas Martínez Quarta,2 DF,River Plate,
Argentina,,Leonardo Balerdi,2 DF,Marseille,
Argentina,,Facundo Medina,2 DF,Marseille,
Argentina,,Marcos Senesi,2 DF,Bournemouth,
Argentina,,Agustín Giay,2 DF,Palmeiras,
Argentina,,Kevin Mac Allister,2 DF,Union Saint-Gilloise,
Argentina,,Gabriel Rojas,2 DF,Racing,
Argentina,,Nicolás Capaldo,2 DF,Hamburger SV,
Argentina,,Lautaro Di Lollo,2 DF,Boca Juniors,
Argentina,,Zaid Romero,2 DF,Getafe,
Argentina,,Rodrigo De Paul,3 MF,Inter Miami CF,
Argentina,,Leandro Paredes,3 MF,Boca Juniors,
Argentina,,Giovani Lo Celso,3 MF,Real Betis,
Argentina,,Alexis Mac Allister,3 MF,Liverpool,
Argentina,,Enzo Fernández,3 MF,Chelsea,
Argentina,,Exequiel Palacios,3 MF,Bayer Leverkusen,
Argentina,,Guido Rodríguez,3 MF,Valencia,
Argentina,,Thiago Almada,3 MF,Atlético Madrid,
Argentina,,Nicolás Domínguez,3 MF,Nottingham Forest,
Argentina,,Giuliano Simeone,3 MF,Atlético Madrid,
Argentina,,Nico Paz,3 MF,Como,
Argentina,,Valentín Barco,3 MF,Strasbourg,
Argentina,,Emiliano Buendía,3 MF,Aston Villa,
Argentina,,Máximo Perrone,3 MF,Como,
Argentina,,Aníbal Moreno,3 MF,River Plate,
Argentina,,Milton Delgado,3 MF,Boca Juniors,
Argentina,,Equi Fernández,3 MF,Bayer Leverkusen,
Argentina,,Alan Varela,3 MF,Porto,
Argentina,,Lionel Messi ( captain ),4 FW,Inter Miami CF,
Argentina,,Lautaro Martínez,4 FW,Inter Milan,
Argentina,,Julián Alvarez,4 FW,Atlético Madrid,
Argentina,,Nicolás González,4 FW,Atlético Madrid,
Argentina,,Alejandro Garnacho,4 FW,Chelsea,
Argentina,,Franco Mastantuono,4 FW,Real Madrid,
Argentina,,José Manuel López,4 FW,Palmeiras,
Argentina,,Gianluca Prestianni,4 FW,Benfica,
Argentina,,Tomás Aranda,4 FW,Boca Juniors,
Argentina,,Santiago Castro,4 FW,Bologna,
Argentina,,Claudio Echeverri,4 FW,Girona,
Argentina,,Mateo Pellegrino,4 FW,Parma,
Argentina,,Matías Soulé,4 FW,Roma,
Austria,,Alexander Schlager,1 GK,Red Bull Salzburg,
Austria,,David Affengruber,2 DF,Elche,
Austria,,Kevin Danso,2 DF,Tottenham Hotspur,
Austria,,Xaver Schlager,3 MF,RB Leipzig,
Austria,,Stefan Posch,2 DF,Mainz 05,
Austria,,Nicolas Seiwald,3 MF,RB Leipzig,
Austria,,Marko Arnautović,4 FW,Red Star Belgrade,
Austria,,David Alaba ( captain ),2 DF,Real Madrid,
Austria,,Marcel Sabitzer,3 MF,Borussia Dortmund,
Austria,,Florian Grillitsch,3 MF,Braga,
Austria,,Michael Gregoritsch,4 FW,FC Augsburg,
Austria,,Florian Wiegele,1 GK,Viktoria Plzeň,
Austria,,Patrick Pentz,1 GK,Brøndby,
Austria,,Saša Kalajdžić,4 FW,LASK,
Austria,,Philipp Lienhart,2 DF,SC Freiburg,
Austria,,Phillipp Mwene,2 DF,Mainz 05,
Austria,,Carney Chukwuemeka,3 MF,Borussia Dortmund,
Austria,,Romano Schmid,3 MF,Werder Bremen,
Austria,,Christoph Baumgartner,3 MF,RB Leipzig,
Austria,,Konrad Laimer,3 MF,Bayern Munich,
Austria,,Patrick Wimmer,3 MF,VfL Wolfsburg,
Austria,,Alexander Prass,2 DF,TSG Hoffenheim,
Austria,,Marco Friedl,2 DF,Werder Bremen,
Austria,,Paul Wanner,3 MF,PSV Eindhoven,
Austria,,Michael Svoboda,2 DF,Venezia,
Austria,,Alessandro Schöpf,3 MF,Wolfsberger AC,
Jordan,,Yazeed Abulaila,1 GK,Al-Hussein,
Jordan,,Abdallah Al-Fakhouri,1 GK,Al-Wehdat,
Jordan,,Nour Bani Attiah,1 GK,Al-Faisaly,
Jordan,,Ahmad Al-Juaidi,1 GK,Shabab Al-Ordon,
Jordan,,Ihsan Haddad ( captain ),2 DF,Al-Hussein,
Jordan,,Yazan Al-Arab,2 DF,FC Seoul,
Jordan,,Abdallah Nasib,2 DF,Al-Zawraa,
Jordan,,Saed Al-Rosan,2 DF,Al-Hussein,
Jordan,,Husam Abu Dahab,2 DF,Al-Faisaly,
Jordan,,Mo Abualnadi,2 DF,Selangor,
Jordan,,Salim Obaid,2 DF,Al-Hussein,
Jordan,,Ahmad Assaf,2 DF,Al-Hussein,
Jordan,,Anas Badawi,2 DF,Al-Faisaly,
Jordan,,Rajaei Ayed,3 MF,Al-Hussein,
Jordan,,Noor Al-Rawabdeh,3 MF,Selangor,
Jordan,,Ibrahim Sadeh,3 MF,Al-Karma,
Jordan,,Mohammad Abu Hashish,3 MF,Al-Karma,
Jordan,,Nizar Al-Rashdan,3 MF,Qatar SC,
Jordan,,Mohannad Abu Taha,3 MF,Al-Quwa Al-Jawiya,
Jordan,,Amer Jamous,3 MF,Al-Zawraa,
Jordan,,Mohammad Al-Dawoud,3 MF,Al-Wehdat,
Jordan,,Yousef Qashi,3 MF,Al-Hussein,
Jordan,,Mohammad Taha,3 MF,Al-Hussein,
Jordan,,Musa Al-Taamari,4 FW,Rennes,
Jordan,,Mahmoud Al-Mardi,4 FW,Al-Hussein,
Jordan,,Ali Olwan,4 FW,Al-Sailiya,
Jordan,,Mohammad Abu Zrayq,4 FW,Raja Casablanca,
Jordan,,Ibrahim Sabra,4 FW,Lokomotiva Zagreb,
Jordan,,Odeh Al-Fakhouri,4 FW,Pyramids,
Jordan,,Ali Azaizeh,4 FW,Al-Shabab,
Colombia,,David Ospina,1 GK,Atlético Nacional,
Colombia,,Camilo Vargas,1 GK,Atlas,
Colombia,,Álvaro Montero,1 GK,Vélez Sarsfield,
Colombia,,Davinson Sánchez,2 DF,Galatasaray,
Colombia,,Santiago Arias,2 DF,Independiente,
Colombia,,Yerry Mina,2 DF,Cagliari,
Colombia,,Daniel Muñoz,2 DF,Crystal Palace,
Colombia,,Johan Mojica,2 DF,Mallorca,
Colombia,,Jhon Lucumí,2 DF,Bologna,
Colombia,,Deiver Machado,2 DF,Nantes,
Colombia,,Willer Ditta,2 DF,Cruz Azul,
Colombia,,James Rodríguez ( captain ),3 MF,Minnesota United FC,
Colombia,,Jefferson Lerma,3 MF,Crystal Palace,
Colombia,,Juan Fernando Quintero,3 MF,River Plate,
Colombia,,Jhon Arias,3 MF,Palmeiras,
Colombia,,Richard Ríos,3 MF,Benfica,
Colombia,,Kevin Castaño,3 MF,River Plate,
Colombia,,Jorge Carrascal,3 MF,Flamengo,
Colombia,,Jaminton Campaz,3 MF,Rosario Central,
Colombia,,Juan Portilla,3 MF,Athletico Paranaense,
Colombia,,Gustavo Puerta,3 MF,Racing Santander,
Colombia,,Luis Díaz,4 FW,Bayern Munich,
Colombia,,Jhon Córdoba,4 FW,Krasnodar,
Colombia,,Luis Suárez,4 FW,Sporting CP,
Colombia,,Cucho Hernández,4 FW,Real Betis,
Colombia,,Andrés Gómez,4 FW,Vasco da Gama,
DR Congo,,Lionel Mpasi,1 GK,Le Havre,
DR Congo,,Timothy Fayulu,1 GK,Noah,
DR Congo,,Matthieu Epolo,1 GK,Standard Liège,
DR Congo,,Chancel Mbemba ( captain ),2 DF,Lille,
DR Congo,,Arthur Masuaku,2 DF,Lens,
DR Congo,,Gédéon Kalulu,2 DF,Aris Limassol,
DR Congo,,Joris Kayembe,2 DF,Genk,
DR Congo,,Dylan Batubinsika,2 DF,AEL,
DR Congo,,Axel Tuanzebe,2 DF,Burnley,
DR Congo,,Aaron Wan-Bissaka,2 DF,West Ham United,
DR Congo,,Steve Kapuadi,2 DF,Widzew Łódź,
DR Congo,,Samuel Moutoussamy,3 MF,Atromitos,
DR Congo,,Edo Kayembe,3 MF,Watford,
DR Congo,,Charles Pickel,3 MF,Espanyol,
DR Congo,,Gaël Kakuta,3 MF,AEL,
DR Congo,,Noah Sadiki,3 MF,Sunderland,
DR Congo,,Aaron Tshibola,3 MF,Kilmarnock,
DR Congo,,Ngal'ayel Mukau,3 MF,Lille,
DR Congo,,Brian Cipenga,3 MF,Castellón,
DR Congo,,Cédric Bakambu,4 FW,Real Betis,
DR Congo,,Meschak Elia,4 FW,Alanyaspor,
DR Congo,,Théo Bongonda,4 FW,Spartak Moscow,
DR Congo,,Fiston Mayele,4 FW,Pyramids,
DR Congo,,Yoane Wissa,4 FW,Newcastle United,
DR Congo,,Nathanaël Mbuku,4 FW,Montpellier,
DR Congo,,Simon Banza,4 FW,Al Jazira,
Portugal,,Diogo Costa,1 GK,Porto,
Portugal,,José Sá,1 GK,Wolverhampton Wanderers,
Portugal,,Rui Silva,1 GK,Sporting CP,
Portugal,,Rúben Dias,2 DF,Manchester City,
Portugal,,João Cancelo,2 DF,Barcelona,
Portugal,,Nélson Semedo,2 DF,Fenerbahçe,
Portugal,,Nuno Mendes,2 DF,Paris Saint-Germain,
Portugal,,Diogo Dalot,2 DF,Manchester United,
Portugal,,Gonçalo Inácio,2 DF,Sporting CP,
Portugal,,Matheus Nunes,2 DF,Manchester City,
Portugal,,Renato Veiga,2 DF,Villarreal,
Portugal,,Tomás Araújo,2 DF,Benfica,
Portugal,,Bernardo Silva,3 MF,Manchester City,
Portugal,,Bruno Fernandes,3 MF,Manchester United,
Portugal,,Rúben Neves,3 MF,Al-Hilal,
Portugal,,Vitinha,3 MF,Paris Saint-Germain,
Portugal,,João Neves,3 MF,Paris Saint-Germain,
Portugal,,Samú Costa,3 MF,Mallorca,
Portugal,,Cristiano Ronaldo ( captain ),4 FW,Al-Nassr,
Portugal,,João Félix,4 FW,Al-Nassr,
Portugal,,Rafael Leão,4 FW,Milan,
Portugal,,Gonçalo Guedes,4 FW,Real Sociedad,
Portugal,,Gonçalo Ramos,4 FW,Paris Saint-Germain,
Portugal,,Pedro Neto,4 FW,Chelsea,
Portugal,,Francisco Trincão,4 FW,Sporting CP,
Portugal,,Francisco Conceição,4 FW,Juventus,
Uzbekistan,,Utkir Yusupov,1 GK,Navbahor,
Uzbekistan,,Abduvohid Nematov,1 GK,Nasaf,
Uzbekistan,,Botirali Ergashev,1 GK,Neftchi,
Uzbekistan,,Rustam Ashurmatov,2 DF,Esteghlal,
Uzbekistan,,Farrukh Sayfiev,2 DF,Neftchi,
Uzbekistan,,Khojiakbar Alijonov,2 DF,Pakhtakor,
Uzbekistan,,Sherzod Nasrullaev,2 DF,Nasaf,
Uzbekistan,,Umar Eshmurodov,2 DF,Nasaf,
Uzbekistan,,Abdukodir Khusanov,2 DF,Manchester City,
Uzbekistan,,Abdulla Abdullaev,2 DF,Dibba,
Uzbekistan,,Bekhruz Karimov,2 DF,Surkhon,
Uzbekistan,,Jakhongir Urozov,2 DF,Dinamo Samarqand,
Uzbekistan,,Avazbek Ulmasaliev,2 DF,AGMK,
Uzbekistan,,Otabek Shukurov,3 MF,Baniyas,
Uzbekistan,,Odiljon Hamrobekov,3 MF,Tractor,
Uzbekistan,,Jamshid Iskanderov,3 MF,Neftchi,
Uzbekistan,,Akmal Mozgovoy,3 MF,Pakhtakor,
Uzbekistan,,Azizjon Ganiev,3 MF,Al Bataeh,
Uzbekistan,,Jasurbek Jaloliddinov,3 MF,Sogdiana,
Uzbekistan,,Umarali Rakhmonaliev,3 MF,Sabah,
Uzbekistan,,Sherzod Esanov,3 MF,Buxoro,
Uzbekistan,,Eldor Shomurodov ( captain ),4 FW,İstanbul Başakşehir,
Uzbekistan,,Igor Sergeev,4 FW,Persepolis,
Uzbekistan,,Jaloliddin Masharipov,4 FW,Esteghlal,
Uzbekistan,,Oston Urunov,4 FW,Persepolis,
Uzbekistan,,Dostonbek Khamdamov,4 FW,Pakhtakor,
Uzbekistan,,Abbosbek Fayzullaev,4 FW,İstanbul Başakşehir,
Uzbekistan,,Azizbek Amonov,4 FW,Buxoro,
Uzbekistan,,Ruslanbek Jiyanov,4 FW,Navbahor,
Uzbekistan,,Sherzod Temirov,4 FW,Erbil,
Croatia,,Dominik Livaković,1 GK,Dinamo Zagreb,
Croatia,,Dominik Kotarski,1 GK,Copenhagen,
Croatia,,Ivor Pandur,1 GK,Hull City,
Croatia,,Joško Gvardiol,2 DF,Manchester City,
Croatia,,Duje Ćaleta-Car,2 DF,Real Sociedad,
Croatia,,Josip Šutalo,2 DF,Ajax,
Croatia,,Josip Stanišić,2 DF,Bayern Munich,
Croatia,,Marin Pongračić,2 DF,Fiorentina,
Croatia,,Martin Erlić,2 DF,Midtjylland,
Croatia,,Luka Vušković,2 DF,Hamburger SV,
Croatia,,Luka Modrić ( captain ),3 MF,Milan,
Croatia,,Mateo Kovačić,3 MF,Manchester City,
Croatia,,Mario Pašalić,3 MF,Atalanta,
Croatia,,Nikola Vlašić,3 MF,Torino,
Croatia,,Luka Sučić,3 MF,Real Sociedad,
Croatia,,Martin Baturina,3 MF,Como,
Croatia,,Kristijan Jakić,3 MF,FC Augsburg,
Croatia,,Petar Sučić,3 MF,Inter Milan,
Croatia,,Nikola Moro,3 MF,Bologna,
Croatia,,Toni Fruk,3 MF,Rijeka,
Croatia,,Ivan Perišić,4 FW,PSV Eindhoven,
Croatia,,Andrej Kramarić,4 FW,TSG Hoffenheim,
Croatia,,Ante Budimir,4 FW,Osasuna,
Croatia,,Marco Pašalić,4 FW,Orlando City,
Croatia,,Petar Musa,4 FW,FC Dallas,
Croatia,,Igor Matanović,4 FW,SC Freiburg,
England,,Jordan Pickford,1 GK,Everton,
England,,Dean Henderson,1 GK,Crystal Palace,
England,,James Trafford,1 GK,Manchester City,
England,,John Stones,2 DF,Manchester City,
England,,Marc Guéhi,2 DF,Manchester City,
England,,Reece James,2 DF,Chelsea,
England,,Ezri Konsa,2 DF,Aston Villa,
England,,Dan Burn,2 DF,Newcastle United,
England,,Tino Livramento,2 DF,Newcastle United,
England,,Djed Spence,2 DF,Tottenham Hotspur,
England,,Nico O'Reilly,2 DF,Manchester City,
England,,Jarell Quansah,2 DF,Bayer Leverkusen,
England,,Jordan Henderson,3 MF,Brentford,
England,,Declan Rice,3 MF,Arsenal,
England,,Jude Bellingham,3 MF,Real Madrid,
England,,Morgan Rogers,3 MF,Aston Villa,
England,,Kobbie Mainoo,3 MF,Manchester United,
England,,Elliot Anderson,3 MF,Nottingham Forest,
England,,Harry Kane ( captain ),4 FW,Bayern Munich,
England,,Marcus Rashford,4 FW,Barcelona,
England,,Bukayo Saka,4 FW,Arsenal,
England,,Ollie Watkins,4 FW,Aston Villa,
England,,Anthony Gordon,4 FW,Newcastle United,
England,,Eberechi Eze,4 FW,Arsenal,
England,,Noni Madueke,4 FW,Arsenal,
England,,Ivan Toney,4 FW,Al-Ahli,
Ghana,,Lawrence Ati-Zigi,1 GK,St. Gallen,
Ghana,,Benjamin Asare,1 GK,Hearts of Oak,
Ghana,,Solomon Agbasi,1 GK,Hearts of Oak,
Ghana,,Joseph Anang,1 GK,St Patrick's Athletic,
Ghana,,Paul Reverson,1 GK,Jong Ajax,
Ghana,,Abdul Rahman Baba,2 DF,PAOK,
Ghana,,Gideon Mensah,2 DF,Auxerre,
Ghana,,Alexander Djiku,2 DF,Spartak Moscow,
Ghana,,Alidu Seidu,2 DF,Rennes,
Ghana,,Jerome Opoku,2 DF,İstanbul Başakşehir,
Ghana,,Jonas Adjetey,2 DF,VfL Wolfsburg,
Ghana,,Abdul Mumin,2 DF,Rayo Vallecano,
Ghana,,Kojo Peprah Oppong,2 DF,Nice,
Ghana,,Marvin Senaya,2 DF,Auxerre,
Ghana,,Thomas Partey,3 MF,Villarreal,
Ghana,,Abdul Fatawu,3 MF,Leicester City,
Ghana,,Kamaldeen Sulemana,3 MF,Atalanta,
Ghana,,Elisha Owusu,3 MF,Auxerre,
Ghana,,Caleb Yirenkyi,3 MF,Nordsjælland,
Ghana,,Kwasi Sibo,3 MF,Oviedo,
Ghana,,Augustine Boakye,3 MF,Saint-Étienne,
Ghana,,Jordan Ayew ( captain ),4 FW,Leicester City,
Ghana,,Antoine Semenyo,4 FW,Manchester City,
Ghana,,Iñaki Williams,4 FW,Athletic Bilbao,
Ghana,,Ernest Nuamah,4 FW,Lyon,
Ghana,,Christopher Bonsu Baah,4 FW,Al-Qadsiah,
Ghana,,Brandon Thomas-Asante,4 FW,Coventry City,
Ghana,,Prince Kwabena Adu,4 FW,Viktoria Plzeň,
Panama,,Luis Mejía,1 GK,Nacional,
Panama,,Orlando Mosquera,1 GK,Al-Fayha,
Panama,,César Samudio,1 GK,Marathón,
Panama,,Eric Davis,2 DF,Plaza Amador,
Panama,,Fidel Escobar,2 DF,Saprissa,
Panama,,Michael Amir Murillo,2 DF,Beşiktaş,
Panama,,Roderick Miller,2 DF,Turan Tovuz,
Panama,,Andrés Andrade,2 DF,LASK,
Panama,,César Blackman,2 DF,Slovan Bratislava,
Panama,,José Córdoba,2 DF,Norwich City,
Panama,,Jiovany Ramos,2 DF,Puerto Cabello,
Panama,,Jorge Gutiérrez,2 DF,Deportivo La Guaira,
Panama,,Edgardo Fariña,2 DF,Pari Nizhny Novgorod,
Panama,,Aníbal Godoy ( captain ),3 MF,San Diego FC,
Panama,,Alberto Quintero,3 MF,Plaza Amador,
Panama,,Yoel Bárcenas,3 MF,Mazatlán,
Panama,,Adalberto Carrasquilla,3 MF,UNAM,
Panama,,José Luis Rodríguez,3 MF,Juárez,
Panama,,Cristian Martínez,3 MF,Ironi Kiryat Shmona,
Panama,,César Yanis,3 MF,Cobresal,
Panama,,Carlos Harvey,3 MF,Minnesota United FC,
Panama,,Azarias Londoño,3 MF,Universidad Católica,
Panama,,José Fajardo,4 FW,Universidad Católica,
Panama,,Ismael Díaz,4 FW,León,
Panama,,Cecilio Waterman,4 FW,Universidad de Concepción,
Panama,,Tomás Rodríguez,4 FW,Saprissa,
